Workbook

Sheet Season Stats
A1: Player | B1: Team | C1: PPG | D1: RPG | E1: APG | F1: FGM | G1: FGA | H1: 3PM | I1: 3PA | J1: FG% | K1: 3PT% | L1: SPG | M1: BPG | N1: GP
A2: SamL | B2: TELAVIV | C2: =SUMIF('Game Logs'!A:A, A2, 'Game Logs'!B:B)/N2 -> 5 | D2: =SUMIF('Game Logs'!A:A, A2, 'Game Logs'!G:G)/N2 -> 2.5 | E2: =SUMIF('Game Logs'!A:A, A2, 'Game Logs'!H:H)/N2 -> 2 | F2: =SUMIF('Game Logs'!A:A, A2, 'Game Logs'!D:D)/N2 -> 2 | G2: =SUMIF('Game Logs'!A:A, A2, 'Game Logs'!C:C)/N2 -> 3 | H2: =SUMIF('Game Logs'!A:A, A2, 'Game Logs'!F:F)/N2 -> 1 | I2: =SUMIF('Game Logs'!A:A, A2, 'Game Logs'!E:E)/N2 -> 1 | J2: =(F2/G2)*100 -> 66.666667 | K2: =(H2/I2)*100 -> 100 | L2: =SUMIF('Game Logs'!A:A, A2, 'Game Logs'!I:I)/N2 -> 1 | M2: =SUMIF('Game Logs'!A:A, A2, 'Game Logs'!J:J)/N2 -> 1 | N2: =COUNTIF('Game Logs'!A:A, A2) -> 2
A3: Ryan | B3: THREES | C3: =SUMIF('Game Logs'!A:A, A3, 'Game Logs'!B:B)/N3 -> 5 | D3: =SUMIF('Game Logs'!A:A, A3, 'Game Logs'!G:G)/N3 -> 8 | E3: =SUMIF('Game Logs'!A:A, A3, 'Game Logs'!H:H)/N3 -> 2 | F3: =SUMIF('Game Logs'!A:A, A3, 'Game Logs'!D:D)/N3 -> 2 | G3: =SUMIF('Game Logs'!A:A, A3, 'Game Logs'!C:C)/N3 -> 3 | H3: =SUMIF('Game Logs'!A:A, A3, 'Game Logs'!F:F)/N3 -> 1 | I3: =SUMIF('Game Logs'!A:A, A3, 'Game Logs'!E:E)/N3 -> 1 | J3: =(F3/G3)*100 -> 66.666667 | K3: =(H3/I3)*100 -> 100 | L3: =SUMIF('Game Logs'!A:A, A3, 'Game Logs'!I:I)/N3 -> 1 | M3: =SUMIF('Game Logs'!A:A, A3, 'Game Logs'!J:J)/N3 -> 1 | N3: =COUNTIF('Game Logs'!A:A, A3) -> 1
A4: Matthew | B4: DAB | C4: =SUMIF('Game Logs'!A:A, A4, 'Game Logs'!B:B)/N4 -> 5 | D4: =SUMIF('Game Logs'!A:A, A4, 'Game Logs'!G:G)/N4 -> 1.5 | E4: =SUMIF('Game Logs'!A:A, A4, 'Game Logs'!H:H)/N4 -> 2 | F4: =SUMIF('Game Logs'!A:A, A4, 'Game Logs'!D:D)/N4 -> 2 | G4: =SUMIF('Game Logs'!A:A, A4, 'Game Logs'!C:C)/N4 -> 3 | H4: =SUMIF('Game Logs'!A:A, A4, 'Game Logs'!F:F)/N4 -> 1 | I4: =SUMIF('Game Logs'!A:A, A4, 'Game Logs'!E:E)/N4 -> 1 | J4: =(F4/G4)*100 -> 66.666667 | K4: =(H4/I4)*100 -> 100 | L4: =SUMIF('Game Logs'!A:A, A4, 'Game Logs'!I:I)/N4 -> 1 | M4: =SUMIF('Game Logs'!A:A, A4, 'Game Logs'!J:J)/N4 -> 1 | N4: =COUNTIF('Game Logs'!A:A, A4) -> 2
A5: Luke | B5: THREES | C5: =SUMIF('Game Logs'!A:A, A5, 'Game Logs'!B:B)/N5 -> 5 | D5: =SUMIF('Game Logs'!A:A, A5, 'Game Logs'!G:G)/N5 -> 2 | E5: =SUMIF('Game Logs'!A:A, A5, 'Game Logs'!H:H)/N5 -> 2 | F5: =SUMIF('Game Logs'!A:A, A5, 'Game Logs'!D:D)/N5 -> 2 | G5: =SUMIF('Game Logs'!A:A, A5, 'Game Logs'!C:C)/N5 -> 3 | H5: =SUMIF('Game Logs'!A:A, A5, 'Game Logs'!F:F)/N5 -> 1 | I5: =SUMIF('Game Logs'!A:A, A5, 'Game Logs'!E:E)/N5 -> 1 | J5: =(F5/G5)*100 -> 66.666667 | K5: =(H5/I5)*100 -> 100 | L5: =SUMIF('Game Logs'!A:A, A5, 'Game Logs'!I:I)/N5 -> 1 | M5: =SUMIF('Game Logs'!A:A, A5, 'Game Logs'!J:J)/N5 -> 1 | N5: =COUNTIF('Game Logs'!A:A, A5) -> 1
A6: Jonny | B6: THREES | C6: =SUMIF('Game Logs'!A:A, A6, 'Game Logs'!B:B)/N6 -> 5 | D6: =SUMIF('Game Logs'!A:A, A6, 'Game Logs'!G:G)/N6 -> 1 | E6: =SUMIF('Game Logs'!A:A, A6, 'Game Logs'!H:H)/N6 -> 2 | F6: =SUMIF('Game Logs'!A:A, A6, 'Game Logs'!D:D)/N6 -> 2 | G6: =SUMIF('Game Logs'!A:A, A6, 'Game Logs'!C:C)/N6 -> 3 | H6: =SUMIF('Game Logs'!A:A, A6, 'Game Logs'!F:F)/N6 -> 1 | I6: =SUMIF('Game Logs'!A:A, A6, 'Game Logs'!E:E)/N6 -> 1 | J6: =(F6/G6)*100 -> 66.666667 | K6: =(H6/I6)*100 -> 100 | L6: =SUMIF('Game Logs'!A:A, A6, 'Game Logs'!I:I)/N6 -> 1 | M6: =SUMIF('Game Logs'!A:A, A6, 'Game Logs'!J:J)/N6 -> 1 | N6: =COUNTIF('Game Logs'!A:A, A6) -> 1
A7: Jojo | B7: DAB | C7: =SUMIF('Game Logs'!A:A, A7, 'Game Logs'!B:B)/N7 -> 5 | D7: =SUMIF('Game Logs'!A:A, A7, 'Game Logs'!G:G)/N7 -> 1.5 | E7: =SUMIF('Game Logs'!A:A, A7, 'Game Logs'!H:H)/N7 -> 2 | F7: =SUMIF('Game Logs'!A:A, A7, 'Game Logs'!D:D)/N7 -> 2 | G7: =SUMIF('Game Logs'!A:A, A7, 'Game Logs'!C:C)/N7 -> 3 | H7: =SUMIF('Game Logs'!A:A, A7, 'Game Logs'!F:F)/N7 -> 1 | I7: =SUMIF('Game Logs'!A:A, A7, 'Game Logs'!E:E)/N7 -> 1 | J7: =(F7/G7)*100 -> 66.666667 | K7: =(H7/I7)*100 -> 100 | L7: =SUMIF('Game Logs'!A:A, A7, 'Game Logs'!I:I)/N7 -> 1 | M7: =SUMIF('Game Logs'!A:A, A7, 'Game Logs'!J:J)/N7 -> 1 | N7: =COUNTIF('Game Logs'!A:A, A7) -> 2
A8: Gavin | B8: DAB | C8: =SUMIF('Game Logs'!A:A, A8, 'Game Logs'!B:B)/N8 -> 5 | D8: =SUMIF('Game Logs'!A:A, A8, 'Game Logs'!G:G)/N8 -> 5 | E8: =SUMIF('Game Logs'!A:A, A8, 'Game Logs'!H:H)/N8 -> 2 | F8: =SUMIF('Game Logs'!A:A, A8, 'Game Logs'!D:D)/N8 -> 2 | G8: =SUMIF('Game Logs'!A:A, A8, 'Game Logs'!C:C)/N8 -> 3 | H8: =SUMIF('Game Logs'!A:A, A8, 'Game Logs'!F:F)/N8 -> 1 | I8: =SUMIF('Game Logs'!A:A, A8, 'Game Logs'!E:E)/N8 -> 1 | J8: =(F8/G8)*100 -> 66.666667 | K8: =(H8/I8)*100 -> 100 | L8: =SUMIF('Game Logs'!A:A, A8, 'Game Logs'!I:I)/N8 -> 1 | M8: =SUMIF('Game Logs'!A:A, A8, 'Game Logs'!J:J)/N8 -> 1 | N8: =COUNTIF('Game Logs'!A:A, A8) -> 2
A9: Andrew | B9: TELAVIV | C9: =SUMIF('Game Logs'!A:A, A9, 'Game Logs'!B:B)/N9 -> 5 | D9: =SUMIF('Game Logs'!A:A, A9, 'Game Logs'!G:G)/N9 -> 4.5 | E9: =SUMIF('Game Logs'!A:A, A9, 'Game Logs'!H:H)/N9 -> 2 | F9: =SUMIF('Game Logs'!A:A, A9, 'Game Logs'!D:D)/N9 -> 2 | G9: =SUMIF('Game Logs'!A:A, A9, 'Game Logs'!C:C)/N9 -> 3 | H9: =SUMIF('Game Logs'!A:A, A9, 'Game Logs'!F:F)/N9 -> 1 | I9: =SUMIF('Game Logs'!A:A, A9, 'Game Logs'!E:E)/N9 -> 1 | J9: =(F9/G9)*100 -> 66.666667 | K9: =(H9/I9)*100 -> 100 | L9: =SUMIF('Game Logs'!A:A, A9, 'Game Logs'!I:I)/N9 -> 1 | M9: =SUMIF('Game Logs'!A:A, A9, 'Game Logs'!J:J)/N9 -> 1 | N9: =COUNTIF('Game Logs'!A:A, A9) -> 2
A10: Alex | B10: ECTA | C10: =SUMIF('Game Logs'!A:A, A10, 'Game Logs'!B:B)/N10 -> 5 | D10: =SUMIF('Game Logs'!A:A, A10, 'Game Logs'!G:G)/N10 -> 5 | E10: =SUMIF('Game Logs'!A:A, A10, 'Game Logs'!H:H)/N10 -> 2 | F10: =SUMIF('Game Logs'!A:A, A10, 'Game Logs'!D:D)/N10 -> 2 | G10: =SUMIF('Game Logs'!A:A, A10, 'Game Logs'!C:C)/N10 -> 3 | H10: =SUMIF('Game Logs'!A:A, A10, 'Game Logs'!F:F)/N10 -> 1 | I10: =SUMIF('Game Logs'!A:A, A10, 'Game Logs'!E:E)/N10 -> 1 | J10: =(F10/G10)*100 -> 66.666667 | K10: =(H10/I10)*100 -> 100 | L10: =SUMIF('Game Logs'!A:A, A10, 'Game Logs'!I:I)/N10 -> 1 | M10: =SUMIF('Game Logs'!A:A, A10, 'Game Logs'!J:J)/N10 -> 1 | N10: =COUNTIF('Game Logs'!A:A, A10) -> 1
A11: Aaron | B11: ECTA | C11: =SUMIF('Game Logs'!A:A, A11, 'Game Logs'!B:B)/N11 -> 5 | D11: =SUMIF('Game Logs'!A:A, A11, 'Game Logs'!G:G)/N11 -> 2 | E11: =SUMIF('Game Logs'!A:A, A11, 'Game Logs'!H:H)/N11 -> 2 | F11: =SUMIF('Game Logs'!A:A, A11, 'Game Logs'!D:D)/N11 -> 2 | G11: =SUMIF('Game Logs'!A:A, A11, 'Game Logs'!C:C)/N11 -> 3 | H11: =SUMIF('Game Logs'!A:A, A11, 'Game Logs'!F:F)/N11 -> 1 | I11: =SUMIF('Game Logs'!A:A, A11, 'Game Logs'!E:E)/N11 -> 1 | J11: =(F11/G11)*100 -> 66.666667 | K11: =(H11/I11)*100 -> 100 | L11: =SUMIF('Game Logs'!A:A, A11, 'Game Logs'!I:I)/N11 -> 1 | M11: =SUMIF('Game Logs'!A:A, A11, 'Game Logs'!J:J)/N11 -> 1 | N11: =COUNTIF('Game Logs'!A:A, A11) -> 1
A12: SamO | B12: TELAVIV | C12: =SUMIF('Game Logs'!A:A, A12, 'Game Logs'!B:B)/N12 -> 20 | D12: =SUMIF('Game Logs'!A:A, A12, 'Game Logs'!G:G)/N12 -> 4 | E12: =SUMIF('Game Logs'!A:A, A12, 'Game Logs'!H:H)/N12 -> 3 | F12: =SUMIF('Game Logs'!A:A, A12, 'Game Logs'!D:D)/N12 -> 9 | G12: =SUMIF('Game Logs'!A:A, A12, 'Game Logs'!C:C)/N12 -> 15 | H12: =SUMIF('Game Logs'!A:A, A12, 'Game Logs'!F:F)/N12 -> 2 | I12: =SUMIF('Game Logs'!A:A, A12, 'Game Logs'!E:E)/N12 -> 5 | J12: =(F12/G12)*100 -> 60 | K12: =(H12/I12)*100 -> 40 | L12: =SUMIF('Game Logs'!A:A, A12, 'Game Logs'!I:I)/N12 -> 2 | M12: =SUMIF('Game Logs'!A:A, A12, 'Game Logs'!J:J)/N12 -> 1 | N12: =COUNTIF('Game Logs'!A:A, A12) -> 2
A13: Reydro | B13: ECTA | C13: =SUMIF('Game Logs'!A:A, A13, 'Game Logs'!B:B)/N13 -> 20 | D13: =SUMIF('Game Logs'!A:A, A13, 'Game Logs'!G:G)/N13 -> 3 | E13: =SUMIF('Game Logs'!A:A, A13, 'Game Logs'!H:H)/N13 -> 3 | F13: =SUMIF('Game Logs'!A:A, A13, 'Game Logs'!D:D)/N13 -> 9 | G13: =SUMIF('Game Logs'!A:A, A13, 'Game Logs'!C:C)/N13 -> 15 | H13: =SUMIF('Game Logs'!A:A, A13, 'Game Logs'!F:F)/N13 -> 2 | I13: =SUMIF('Game Logs'!A:A, A13, 'Game Logs'!E:E)/N13 -> 5 | J13: =(F13/G13)*100 -> 60 | K13: =(H13/I13)*100 -> 40 | L13: =SUMIF('Game Logs'!A:A, A13, 'Game Logs'!I:I)/N13 -> 2 | M13: =SUMIF('Game Logs'!A:A, A13, 'Game Logs'!J:J)/N13 -> 1 | N13: =COUNTIF('Game Logs'!A:A, A13) -> 1

Sheet Game Logs
A1: WEEK 1
A3: TELAVIV vs DAB | B3: PTS | C3: FGA | D3: FGM | E3: 3PA | F3: 3PM | G3: REB | H3: AST | I3: STL | J3: BLK
A4: SamO | B4: 20 | C4: 15 | D4: 9 | E4: 5 | F4: 2 | G4: 5 | H4: 3 | I4: 2 | J4: 1
A5: Andrew | B5: 5 | C5: 3 | D5: 2 | E5: 1 | F5: 1 | G5: 4 | H5: 2 | I5: 1 | J5: 1
A6: SamL | B6: 5 | C6: 3 | D6: 2 | E6: 1 | F6: 1 | G6: 3 | H6: 2 | I6: 1 | J6: 1
A7: Matthew | B7: 5 | C7: 3 | D7: 2 | E7: 1 | F7: 1 | G7: 2 | H7: 2 | I7: 1 | J7: 1
A8: Jojo | B8: 5 | C8: 3 | D8: 2 | E8: 1 | F8: 1 | G8: 1 | H8: 2 | I8: 1 | J8: 1
A9: Gavin | B9: 5 | C9: 3 | D9: 2 | E9: 1 | F9: 1 | G9: 2 | H9: 2 | I9: 1 | J9: 1
A11: ECTA vs THREES
A12: Reydro | B12: 20 | C12: 15 | D12: 9 | E12: 5 | F12: 2 | G12: 3 | H12: 3 | I12: 2 | J12: 1
A13: Alex | B13: 5 | C13: 3 | D13: 2 | E13: 1 | F13: 1 | G13: 5 | H13: 2 | I13: 1 | J13: 1
A14: Aaron | B14: 5 | C14: 3 | D14: 2 | E14: 1 | F14: 1 | G14: 2 | H14: 2 | I14: 1 | J14: 1
A15: Jonny | B15: 5 | C15: 3 | D15: 2 | E15: 1 | F15: 1 | G15: 1 | H15: 2 | I15: 1 | J15: 1
A16: Luke | B16: 5 | C16: 3 | D16: 2 | E16: 1 | F16: 1 | G16: 2 | H16: 2 | I16: 1 | J16: 1
A17: Ryan | B17: 5 | C17: 3 | D17: 2 | E17: 1 | F17: 1 | G17: 8 | H17: 2 | I17: 1 | J17: 1
A19: WEEK 2
A21: TELAVIV vs DAB
A22: SamO | B22: 20 | C22: 15 | D22: 9 | E22: 5 | F22: 2 | G22: 3 | H22: 3 | I22: 2 | J22: 1
A23: Andrew | B23: 5 | C23: 3 | D23: 2 | E23: 1 | F23: 1 | G23: 5 | H23: 2 | I23: 1 | J23: 1
A24: SamL | B24: 5 | C24: 3 | D24: 2 | E24: 1 | F24: 1 | G24: 2 | H24: 2 | I24: 1 | J24: 1
A25: Matthew | B25: 5 | C25: 3 | D25: 2 | E25: 1 | F25: 1 | G25: 1 | H25: 2 | I25: 1 | J25: 1
A26: Jojo | B26: 5 | C26: 3 | D26: 2 | E26: 1 | F26: 1 | G26: 2 | H26: 2 | I26: 1 | J26: 1
A27: Gavin | B27: 5 | C27: 3 | D27: 2 | E27: 1 | F27: 1 | G27: 8 | H27: 2 | I27: 1 | J27: 1

Sheet Team Stats
A1: tblTEAM | B1: W | C1: L | D1: PPG | E1: FG% | F1: 3P% | G1: RPG | H1: AST | I1: BLK | J1: STL
A2: TELAVIV | B2: 0 | C2: 0 | D2: =SUMIF('Season Stats'!B:B,A2,'Season Stats'!C:C) -> 30 | E2: =SUMIF('Season Stats'!B:B,A2,'Season Stats'!F:F)/SUMIF('Season Stats'!B:B,A2,'Season Stats'!G:G)*100 -> 61.904762 | F2: =SUMIF('Season Stats'!B:B,A2,'Season Stats'!H:H)/SUMIF('Season Stats'!B:B,A2,'Season Stats'!I:I)*100 -> 57.142857 | G2: =SUMIF('Season Stats'!B:B,A2,'Season Stats'!D:D) -> 11 | H2: =SUMIF('Season Stats'!B:B,A2,'Season Stats'!E:E) -> 7 | I2: =SUMIF('Season Stats'!B:B,A2,'Season Stats'!M:M) -> 3 | J2: =SUMIF('Season Stats'!B:B,A2,'Season Stats'!L:L) -> 4
A3: DAB | B3: 0 | C3: 0 | D3: =SUMIF('Season Stats'!B:B,A3,'Season Stats'!C:C) -> 15 | E3: =SUMIF('Season Stats'!B:B,A3,'Season Stats'!F:F)/SUMIF('Season Stats'!B:B,A3,'Season Stats'!G:G)*100 -> 66.666667 | F3: =SUMIF('Season Stats'!B:B,A3,'Season Stats'!H:H)/SUMIF('Season Stats'!B:B,A3,'Season Stats'!I:I)*100 -> 100 | G3: =SUMIF('Season Stats'!B:B,A3,'Season Stats'!D:D) -> 8 | H3: =SUMIF('Season Stats'!B:B,A3,'Season Stats'!E:E) -> 6 | I3: =SUMIF('Season Stats'!B:B,A3,'Season Stats'!M:M) -> 3 | J3: =SUMIF('Season Stats'!B:B,A3,'Season Stats'!L:L) -> 3
A4: ECTA | B4: 0 | C4: 0 | D4: =SUMIF('Season Stats'!B:B,A4,'Season Stats'!C:C) -> 30 | E4: =SUMIF('Season Stats'!B:B,A4,'Season Stats'!F:F)/SUMIF('Season Stats'!B:B,A4,'Season Stats'!G:G)*100 -> 61.904762 | F4: =SUMIF('Season Stats'!B:B,A4,'Season Stats'!H:H)/SUMIF('Season Stats'!B:B,A4,'Season Stats'!I:I)*100 -> 57.142857 | G4: =SUMIF('Season Stats'!B:B,A4,'Season Stats'!D:D) -> 10 | H4: =SUMIF('Season Stats'!B:B,A4,'Season Stats'!E:E) -> 7 | I4: =SUMIF('Season Stats'!B:B,A4,'Season Stats'!M:M) -> 3 | J4: =SUMIF('Season Stats'!B:B,A4,'Season Stats'!L:L) -> 4
A5: THREES | B5: 0 | C5: 0 | D5: =SUMIF('Season Stats'!B:B,A5,'Season Stats'!C:C) -> 15 | E5: =SUMIF('Season Stats'!B:B,A5,'Season Stats'!F:F)/SUMIF('Season Stats'!B:B,A5,'Season Stats'!G:G)*100 -> 66.666667 | F5: =SUMIF('Season Stats'!B:B,A5,'Season Stats'!H:H)/SUMIF('Season Stats'!B:B,A5,'Season Stats'!I:I)*100 -> 100 | G5: =SUMIF('Season Stats'!B:B,A5,'Season Stats'!D:D) -> 11 | H5: =SUMIF('Season Stats'!B:B,A5,'Season Stats'!E:E) -> 6 | I5: =SUMIF('Season Stats'!B:B,A5,'Season Stats'!M:M) -> 3 | J5: =SUMIF('Season Stats'!B:B,A5,'Season Stats'!L:L) -> 3
